,plotNo,pairNo,nPlots,block,accession_name,intercrop,category,seedlot_name,crop,crop_2,intercrop_accession_name,X,entry
1,1,1,4,Block1,LA05011GSBSBSB-11,intercrop,SOAP_selection,LA05011GSBSBSB-11-CU_2025_Ithaca_SOAP_HR-bulk,Oat,oat-pea,BLAZE,18,18
2,2,1,4,Block1,LA05011GSBSBSB-11,monocrop,SOAP_selection,LA05011GSBSBSB-11-CU_2025_Ithaca_SOAP_HR-bulk,Oat,oat,NA,18,18
3,3,2,4,Block1,NC19-3542,monocrop,WOP_Mirza_selection,NC19-3542-Cornell_WinterOatPeaIntercrop_2024_Ithaca-PLOT_261,Oat,oat,NA,43,43
4,4,2,4,Block1,NC19-3542,intercrop,WOP_Mirza_selection,NC19-3542-Cornell_WinterOatPeaIntercrop_2024_Ithaca-PLOT_261,Oat,oat-pea,BLAZE,43,43
5,5,3,4,Block1,NF13-4214-4_1,intercrop,WOP_Mirza_selection,NF13-4214-4_1-Cornell_WinterOatPeaIntercrop_2024_Ithaca-PLOT_156,Oat,oat-pea,BLAZE,69,69
6,6,3,4,Block1,NF13-4214-4_1,monocrop,WOP_Mirza_selection,NF13-4214-4_1-Cornell_WinterOatPeaIntercrop_2024_Ithaca-PLOT_156,Oat,oat,NA,69,69
7,7,4,4,Block1,NC14-1820,monocrop,SOAP_selection,NC14-1820-CU_2025_Ithaca_SOAP_HR-bulk,Oat,oat,NA,37,37
8,8,4,4,Block1,NC14-1820,intercrop,SOAP_selection,NC14-1820-CU_2025_Ithaca_SOAP_HR-bulk,Oat,oat-pea,BLAZE,37,37
9,9,5,4,Block1,HARRISON,intercrop,WOP_Mirza_selection,HARRISON-Cornell_WinterOatPeaIntercrop_2024_Ithaca-PLOT_56,Oat,oat-pea,BLAZE,14,14
10,10,5,4,Block1,HARRISON,monocrop,WOP_Mirza_selection,HARRISON-Cornell_WinterOatPeaIntercrop_2024_Ithaca-PLOT_56,Oat,oat,NA,14,14
11,11,6,4,Block1,TX21CAS2064,intercrop,UWON,TX21CAS2064_2026_UWON_Entry_09,Oat,oat-pea,BLAZE,92,92
12,12,6,4,Block1,TX21CAS2064,monocrop,UWON,TX21CAS2064_2026_UWON_Entry_09,Oat,oat,NA,92,92
13,13,7,4,Block1,NF13-4157-4_2,monocrop,WOP_Mirza_selection,NF13-4157-4_2-Cornell_WinterOatPeaIntercrop_2024_Ithaca-PLOT_81,Oat,oat,NA,67,67
14,14,7,4,Block1,NF13-4157-4_2,intercrop,WOP_Mirza_selection,NF13-4157-4_2-Cornell_WinterOatPeaIntercrop_2024_Ithaca-PLOT_81,Oat,oat-pea,BLAZE,67,67
15,15,8,4,Block1,FL16507-28,monocrop,UWON,FL16507-28_2026_UWON_Entry_16,Oat,oat,NA,3,3
16,16,8,4,Block1,FL16507-28,intercrop,UWON,FL16507-28_2026_UWON_Entry_16,Oat,oat-pea,BLAZE,3,3
17,17,9,4,Block1,FL16504-35,intercrop,UWON,FL16504-35_2026_UWON_Entry_15,Oat,oat-pea,BLAZE,2,2
18,18,9,4,Block1,FL16504-35,monocrop,UWON,FL16504-35_2026_UWON_Entry_15,Oat,oat,NA,2,2
19,19,10,4,Block1,Savage,intercrop,UWON,Savage_2026_UWON_Entry_03,Oat,oat-pea,BLAZE,85,85
20,20,10,4,Block1,Savage,monocrop,UWON,Savage_2026_UWON_Entry_03,Oat,oat,NA,85,85
21,21,11,4,Block1,NF13-4173-4_5,monocrop,WOP_Mirza_selection,NF13-4173-4_5-Cornell_WinterOatPeaIntercrop_2024_Ithaca-PLOT_116,Oat,oat,NA,68,68
22,22,11,4,Block1,NF13-4173-4_5,intercrop,WOP_Mirza_selection,NF13-4173-4_5-Cornell_WinterOatPeaIntercrop_2024_Ithaca-PLOT_116,Oat,oat-pea,BLAZE,68,68
23,23,12,4,Block1,NC21-6610,monocrop,WOP_Mirza_selection,NC21-6610-Cornell_WinterOatPeaIntercrop_2024_Ithaca-PLOT_99,Oat,oat,NA,58,58
24,24,12,4,Block1,NC21-6610,intercrop,WOP_Mirza_selection,NC21-6610-Cornell_WinterOatPeaIntercrop_2024_Ithaca-PLOT_99,Oat,oat-pea,BLAZE,58,58
25,25,13,4,Block1,NF12AS-107-4_2-1,monocrop,WOP_Mirza_selection,NF12AS-107-4_2-1-Cornell_WinterOatPeaIntercrop_2024_Ithaca-PLOT_258,Oat,oat,NA,61,61
26,26,13,4,Block1,NF12AS-107-4_2-1,intercrop,WOP_Mirza_selection,NF12AS-107-4_2-1-Cornell_WinterOatPeaIntercrop_2024_Ithaca-PLOT_258,Oat,oat-pea,BLAZE,61,61
27,27,14,4,Block1,NC14-1965,intercrop,SOAP_selection,NC14-1965-CU_2025_Ithaca_SOAP_HR-bulk,Oat,oat-pea,BLAZE,38,38
28,28,14,4,Block1,NC14-1965,monocrop,SOAP_selection,NC14-1965-CU_2025_Ithaca_SOAP_HR-bulk,Oat,oat,NA,38,38
29,29,15,4,Block1,FL17556-1,monocrop,UWON,FL17556-1_2026_UWON_Entry_14,Oat,oat,NA,8,8
30,30,15,4,Block1,FL17556-1,intercrop,UWON,FL17556-1_2026_UWON_Entry_14,Oat,oat-pea,BLAZE,8,8
31,31,16,4,Block1,NC21-6492,intercrop,Biomass,NC21-6492-Cornell_WinterOatPeaIntercrop_2024_Ithaca-PLOT_128,Oat,oat-pea,BLAZE,54,54
32,32,17,4,Block1,OZARK|POGI,intercrop,WOP_Mirza_selection,OZARK|POGI-Cornell_WinterOatPeaIntercrop_2024_Ithaca-PLOT_204,Oat,oat-pea,BLAZE,75,75
33,33,17,4,Block1,OZARK|POGI,monocrop,WOP_Mirza_selection,OZARK|POGI-Cornell_WinterOatPeaIntercrop_2024_Ithaca-PLOT_204,Oat,oat,NA,75,75
34,34,18,4,Block1,NF13-4214-4_5,intercrop,WOP_Mirza_selection,NF13-4214-4_5-Cornell_WinterOatPeaIntercrop_2024_Ithaca-PLOT_169,Oat,oat-pea,BLAZE,70,70
35,35,18,4,Block1,NF13-4214-4_5,monocrop,WOP_Mirza_selection,NF13-4214-4_5-Cornell_WinterOatPeaIntercrop_2024_Ithaca-PLOT_169,Oat,oat,NA,70,70
36,36,19,4,Block1,FL17542-21,intercrop,UWON,FL17542-21_2026_UWON_Entry_13,Oat,oat-pea,BLAZE,7,7
37,37,19,4,Block1,FL17542-21,monocrop,UWON,FL17542-21_2026_UWON_Entry_13,Oat,oat,NA,7,7
38,38,20,4,Block1,NF12AS-73-4_3,monocrop,Keystone_Pea_Test,NF12AS-73-4_3-Cornell_WinterOatPeaIntercrop_2024_Ithaca-PLOT_242,Oat,oat,NA,64,64
39,39,20,4,Block1,NF12AS-73-4_3,intercrop,Keystone_Pea_Test,NF12AS-73-4_3-Cornell_WinterOatPeaIntercrop_2024_Ithaca-PLOT_242,Oat,oat-pea,KEYSTONE,64,64
40,40,21,4,Block1,LA20053SBSB-27-2,intercrop,UWON,LA20053SBSB-27-2_2026_UWON_Entry_21,Oat,oat-pea,BLAZE,26,26
41,41,21,4,Block1,LA20053SBSB-27-2,monocrop,UWON,LA20053SBSB-27-2_2026_UWON_Entry_21,Oat,oat,NA,26,26
42,42,22,4,Block1,NC21-6497,intercrop,WOP_Mirza_selection,NC21-6497-Cornell_WinterOatPeaIntercrop_2024_Ithaca-PLOT_65,Oat,oat-pea,BLAZE,55,55
43,43,22,4,Block1,NC21-6497,monocrop,WOP_Mirza_selection,NC21-6497-Cornell_WinterOatPeaIntercrop_2024_Ithaca-PLOT_65,Oat,oat,NA,55,55
44,44,23,4,Block1,Horizon 578,monocrop,UWON,Horizon578_2026_UWON_Entry_05,Oat,oat,NA,16,16
45,45,23,4,Block1,Horizon 578,intercrop,UWON,Horizon578_2026_UWON_Entry_05,Oat,oat-pea,BLAZE,16,16
46,46,24,4,Block1,NF12AS-107-4_4,intercrop,WOP_Mirza_selection,NF12AS-107-4_4-Cornell_WinterOatPeaIntercrop_2024_Ithaca-PLOT_359,Oat,oat-pea,BLAZE,62,62
47,47,24,4,Block1,NF12AS-107-4_4,monocrop,WOP_Mirza_selection,NF12AS-107-4_4-Cornell_WinterOatPeaIntercrop_2024_Ithaca-PLOT_359,Oat,oat,NA,62,62
48,48,25,8,Block1,NO_OAT_PLANTED,monocrop,Monocrop_pea,BLAZE-Cornell_WinterOatPeaIntercrop_2024_Ithaca-bulk,Pea,pea,BLAZE,NA,NA
49,49,26,4,Block1,PA7617-3658,intercrop,Biomass,PA7617-3658-Cornell_WinterOatPeaIntercrop_2024_Ithaca-PLOT_54,Oat,oat-pea,BLAZE,77,77
50,50,27,2,Block1,NC14-1543,monocrop,SOAP_selection,NC14-1543-CU_2025_Ithaca_SOAP_HR-bulk,Oat,oat,NA,34,34
51,51,27,2,Block1,NC14-1543,intercrop,SOAP_selection,NC14-1543-CU_2025_Ithaca_SOAP_HR-bulk,Oat,oat-pea,BLAZE,34,34
52,52,28,4,Block2,OKAY,monocrop,WOP_Mirza_selection,OKAY-Cornell_WinterOatPeaIntercrop_2024_Ithaca-PLOT_14,Oat,oat,NA,74,74
53,53,28,4,Block2,OKAY,intercrop,WOP_Mirza_selection,OKAY-Cornell_WinterOatPeaIntercrop_2024_Ithaca-PLOT_14,Oat,oat-pea,BLAZE,74,74
54,54,29,2,Block2,NC14-1533,intercrop,SOAP_selection,NC14-1533-CU_2025_Ithaca_SOAP_HR-bulk,Oat,oat-pea,BLAZE,33,33
55,55,29,2,Block2,NC14-1533,monocrop,SOAP_selection,NC14-1533-CU_2025_Ithaca_SOAP_HR-bulk,Oat,oat,NA,33,33
56,56,30,4,Block2,FL16531-59,monocrop,UWON,FL16531-59_2026_UWON_Entry_17,Oat,oat,NA,4,4
57,57,30,4,Block2,FL16531-59,intercrop,UWON,FL16531-59_2026_UWON_Entry_17,Oat,oat-pea,BLAZE,4,4
58,58,31,4,Block2,OZARK|POGI,intercrop,Keystone_Pea_Test,OZARK|POGI-Cornell_WinterOatPeaIntercrop_2024_Ithaca-PLOT_204,Oat,oat-pea,KEYSTONE,75,75
59,59,31,4,Block2,OZARK|POGI,monocrop,Keystone_Pea_Test,OZARK|POGI-Cornell_WinterOatPeaIntercrop_2024_Ithaca-PLOT_204,Oat,oat,NA,75,75
60,60,32,4,Block2,NF12AS-108-4_1,monocrop,WOP_Mirza_selection,NF12AS-108-4_1-Cornell_WinterOatPeaIntercrop_2024_Ithaca-PLOT_161,Oat,oat,NA,63,63
61,61,32,4,Block2,NF12AS-108-4_1,intercrop,WOP_Mirza_selection,NF12AS-108-4_1-Cornell_WinterOatPeaIntercrop_2024_Ithaca-PLOT_161,Oat,oat-pea,BLAZE,63,63
62,62,33,4,Block2,NF12AS-73-4_3,intercrop,Biomass,NF12AS-73-4_3-Cornell_WinterOatPeaIntercrop_2024_Ithaca-PLOT_242,Oat,oat-pea,BLAZE,64,64
63,63,34,4,Block2,NC21-6359N,monocrop,Hull-less,NC21-6359N_LEX25_Nuda_AT_Plot_1203,Oat,oat,NA,51,51
64,64,34,4,Block2,NC21-6359N,intercrop,Hull-less,NC21-6359N_LEX25_Nuda_AT_Plot_1203,Oat,oat-pea,BLAZE,51,51
65,65,35,4,Block2,PA7617-3658,intercrop,WOP_Mirza_selection,PA7617-3658-Cornell_WinterOatPeaIntercrop_2024_Ithaca-PLOT_54,Oat,oat-pea,BLAZE,77,77
66,66,35,4,Block2,PA7617-3658,monocrop,WOP_Mirza_selection,PA7617-3658-Cornell_WinterOatPeaIntercrop_2024_Ithaca-PLOT_54,Oat,oat,NA,77,77
67,67,36,4,Block2,NC12-3578,monocrop,SOAP_selection,NC12-3578-CU_2025_Ithaca_SOAP_HR-bulk,Oat,oat,NA,32,32
68,68,36,4,Block2,NC12-3578,intercrop,SOAP_selection,NC12-3578-CU_2025_Ithaca_SOAP_HR-bulk,Oat,oat-pea,BLAZE,32,32
69,69,37,4,Block2,FL17539-27,monocrop,UWON,FL17539-27_2026_UWON_Entry_12,Oat,oat,NA,6,6
70,70,37,4,Block2,FL17539-27,intercrop,UWON,FL17539-27_2026_UWON_Entry_12,Oat,oat-pea,BLAZE,6,6
71,71,38,4,Block2,FLLA17088-77,intercrop,WOP_Mirza_selection,FLLA17088-77-Cornell_WinterOatPeaIntercrop_2024_Ithaca-PLOT_48,Oat,oat-pea,BLAZE,11,11
72,72,38,4,Block2,FLLA17088-77,monocrop,WOP_Mirza_selection,FLLA17088-77-Cornell_WinterOatPeaIntercrop_2024_Ithaca-PLOT_48,Oat,oat,NA,11,11
73,73,39,4,Block2,Juggernaut,monocrop,UWON,Juggernaut_2026_UWON_Entry_02,Oat,oat,NA,17,17
74,74,39,4,Block2,Juggernaut,intercrop,UWON,Juggernaut_2026_UWON_Entry_02,Oat,oat-pea,BLAZE,17,17
75,75,40,4,Block2,FL16504-35,monocrop,UWON,FL16504-35_2026_UWON_Entry_15,Oat,oat,NA,2,2
76,76,40,4,Block2,FL16504-35,intercrop,UWON,FL16504-35_2026_UWON_Entry_15,Oat,oat-pea,BLAZE,2,2
77,77,41,4,Block2,TX18OCS9061,intercrop,UWON,TX18OCS9061_2026_UWON_Entry_07,Oat,oat-pea,BLAZE,87,87
78,78,41,4,Block2,TX18OCS9061,monocrop,UWON,TX18OCS9061_2026_UWON_Entry_07,Oat,oat,NA,87,87
79,79,42,4,Block2,LA17153SBSS-46-1,intercrop,WOP_Mirza_selection,LA17153SBSS-46-1-Cornell_WinterOatPeaIntercrop_2024_Ithaca-PLOT_118,Oat,oat-pea,BLAZE,21,21
80,80,42,4,Block2,LA17153SBSS-46-1,monocrop,WOP_Mirza_selection,LA17153SBSS-46-1-Cornell_WinterOatPeaIntercrop_2024_Ithaca-PLOT_118,Oat,oat,NA,21,21
81,81,43,8,Block2,NO_OAT_PLANTED,monocrop,Monocrop_pea,BLAZE-Cornell_WinterOatPeaIntercrop_2024_Ithaca-bulk,Pea,pea,BLAZE,NA,NA
82,82,44,4,Block2,NC20-4452,monocrop,WOP_Mirza_selection,NC20-4452-Cornell_WinterOatPeaIntercrop_2024_Ithaca-PLOT_98,Oat,oat,NA,45,45
83,83,44,4,Block2,NC20-4452,intercrop,WOP_Mirza_selection,NC20-4452-Cornell_WinterOatPeaIntercrop_2024_Ithaca-PLOT_98,Oat,oat-pea,BLAZE,45,45
84,84,45,4,Block2,NC21-6357N,intercrop,Hull-less,NC21-6357N_LEX25_Nuda_AT_Plot_1202,Oat,oat-pea,BLAZE,50,50
85,85,45,4,Block2,NC21-6357N,monocrop,Hull-less,NC21-6357N_LEX25_Nuda_AT_Plot_1202,Oat,oat,NA,50,50
86,86,46,4,Block2,HORIZON201,monocrop,WOP_Mirza_selection,HORIZON201-Cornell_WinterOatPeaIntercrop_2024_Ithaca-PLOT_199,Oat,oat,NA,15,15
87,87,46,4,Block2,HORIZON201,intercrop,WOP_Mirza_selection,HORIZON201-Cornell_WinterOatPeaIntercrop_2024_Ithaca-PLOT_199,Oat,oat-pea,BLAZE,15,15
88,88,47,4,Block2,NC09-4274N,monocrop,Hull-less,NC09-4274N_LEX25-Nuda-AT_Plot_1204,Oat,oat,NA,30,30
89,89,47,4,Block2,NC09-4274N,intercrop,Hull-less,NC09-4274N_LEX25-Nuda-AT_Plot_1204,Oat,oat-pea,BLAZE,30,30
90,90,48,4,Block2,NO_OAT_PLANTED,monocrop,Biomass,BLAZE-Cornell_WinterOatPeaIntercrop_2024_Ithaca-bulk,Pea,pea,BLAZE,NA,NA
91,91,49,4,Block2,FL16507-28,intercrop,UWON,FL16507-28_2026_UWON_Entry_16,Oat,oat-pea,BLAZE,3,3
92,92,49,4,Block2,FL16507-28,monocrop,UWON,FL16507-28_2026_UWON_Entry_16,Oat,oat,NA,3,3
93,93,50,4,Block2,TX19CAS0057,intercrop,UWON,TX19CAS0057_2026_UWON_Entry_06,Oat,oat-pea,BLAZE,90,90
94,94,50,4,Block2,TX19CAS0057,monocrop,UWON,TX19CAS0057_2026_UWON_Entry_06,Oat,oat,NA,90,90
95,95,51,4,Block2,NC20-4702,intercrop,WOP_Mirza_selection,NC20-4702-Cornell_WinterOatPeaIntercrop_2024_Ithaca-PLOT_192,Oat,oat-pea,BLAZE,49,49
96,96,51,4,Block2,NC20-4702,monocrop,WOP_Mirza_selection,NC20-4702-Cornell_WinterOatPeaIntercrop_2024_Ithaca-PLOT_192,Oat,oat,NA,49,49
97,97,52,4,Block2,FL17542-21,intercrop,UWON,FL17542-21_2026_UWON_Entry_13,Oat,oat-pea,BLAZE,7,7
98,98,52,4,Block2,FL17542-21,monocrop,UWON,FL17542-21_2026_UWON_Entry_13,Oat,oat,NA,7,7
99,99,53,4,Block2,NF99414-1,intercrop,WOP_Mirza_selection,NF99414-1-Cornell_WinterOatPeaIntercrop_2024_Ithaca-PLOT_174,Oat,oat-pea,BLAZE,71,71
100,100,53,4,Block2,NF99414-1,monocrop,WOP_Mirza_selection,NF99414-1-Cornell_WinterOatPeaIntercrop_2024_Ithaca-PLOT_174,Oat,oat,NA,71,71
101,101,54,4,Block2,NC21-6492,monocrop,WOP_Mirza_selection,NC21-6492-Cornell_WinterOatPeaIntercrop_2024_Ithaca-PLOT_128,Oat,oat,NA,54,54
102,102,54,4,Block2,NC21-6492,intercrop,WOP_Mirza_selection,NC21-6492-Cornell_WinterOatPeaIntercrop_2024_Ithaca-PLOT_128,Oat,oat-pea,BLAZE,54,54
103,103,55,4,Block3,NC14-1554,monocrop,SOAP_selection,NC14-1554-CU_2025_Ithaca_SOAP_HR-bulk,Oat,oat,NA,35,35
104,104,55,4,Block3,NC14-1554,intercrop,SOAP_selection,NC14-1554-CU_2025_Ithaca_SOAP_HR-bulk,Oat,oat-pea,BLAZE,35,35
105,105,56,4,Block3,TX18OCS9104,intercrop,WOP_Mirza_selection,TX18OCS9104-Cornell_WinterOatPeaIntercrop_2024_Ithaca-PLOT_37,Oat,oat-pea,BLAZE,88,88
106,106,56,4,Block3,TX18OCS9104,monocrop,WOP_Mirza_selection,TX18OCS9104-Cornell_WinterOatPeaIntercrop_2024_Ithaca-PLOT_37,Oat,oat,NA,88,88
107,107,57,4,Block3,PA7617-3658,intercrop,Biomass,PA7617-3658-Cornell_WinterOatPeaIntercrop_2024_Ithaca-PLOT_54,Oat,oat-pea,BLAZE,77,77
108,108,58,4,Block3,LA17129SBSS-8-1,monocrop,WOP_Mirza_selection,LA17129SBSS-8-1-Cornell_WinterOatPeaIntercrop_2024_Ithaca-PLOT_165,Oat,oat,NA,20,20
109,109,58,4,Block3,LA17129SBSS-8-1,intercrop,WOP_Mirza_selection,LA17129SBSS-8-1-Cornell_WinterOatPeaIntercrop_2024_Ithaca-PLOT_165,Oat,oat-pea,BLAZE,20,20
110,110,59,4,Block3,LA99016,monocrop,UWON,LA99016_2026_UWON_Entry_01,Oat,oat,NA,27,27
111,111,59,4,Block3,LA99016,intercrop,UWON,LA99016_2026_UWON_Entry_01,Oat,oat-pea,BLAZE,27,27
112,112,60,4,Block3,NF13-4126-4_3,intercrop,WOP_Mirza_selection,NF13-4126-4_3-Cornell_WinterOatPeaIntercrop_2024_Ithaca-PLOT_145,Oat,oat-pea,BLAZE,66,66
113,113,60,4,Block3,NF13-4126-4_3,monocrop,WOP_Mirza_selection,NF13-4126-4_3-Cornell_WinterOatPeaIntercrop_2024_Ithaca-PLOT_145,Oat,oat,NA,66,66
114,114,61,2,Block3,NC14-1985,intercrop,SOAP_selection,NC14-1985-CU_2025_Ithaca_SOAP_HR-bulk,Oat,oat-pea,BLAZE,39,39
115,115,61,2,Block3,NC14-1985,monocrop,SOAP_selection,NC14-1985-CU_2025_Ithaca_SOAP_HR-bulk,Oat,oat,NA,39,39
116,116,62,4,Block3,NF12AS-73-4_3,monocrop,Keystone_Pea_Test,NF12AS-73-4_3-Cornell_WinterOatPeaIntercrop_2024_Ithaca-PLOT_242,Oat,oat,NA,64,64
117,117,62,4,Block3,NF12AS-73-4_3,intercrop,Keystone_Pea_Test,NF12AS-73-4_3-Cornell_WinterOatPeaIntercrop_2024_Ithaca-PLOT_242,Oat,oat-pea,KEYSTONE,64,64
118,118,63,4,Block3,NC19-3542,intercrop,WOP_Mirza_selection,NC19-3542-Cornell_WinterOatPeaIntercrop_2024_Ithaca-PLOT_261,Oat,oat-pea,BLAZE,43,43
119,119,63,4,Block3,NC19-3542,monocrop,WOP_Mirza_selection,NC19-3542-Cornell_WinterOatPeaIntercrop_2024_Ithaca-PLOT_261,Oat,oat,NA,43,43
120,120,64,4,Block3,LA05011GSBSBSB-11,intercrop,SOAP_selection,LA05011GSBSBSB-11-CU_2025_Ithaca_SOAP_HR-bulk,Oat,oat-pea,BLAZE,18,18
121,121,64,4,Block3,LA05011GSBSBSB-11,monocrop,SOAP_selection,LA05011GSBSBSB-11-CU_2025_Ithaca_SOAP_HR-bulk,Oat,oat,NA,18,18
122,122,65,4,Block3,OZARK|POGI,intercrop,Keystone_Pea_Test,OZARK|POGI-Cornell_WinterOatPeaIntercrop_2024_Ithaca-PLOT_204,Oat,oat-pea,KEYSTONE,75,75
123,123,65,4,Block3,OZARK|POGI,monocrop,Keystone_Pea_Test,OZARK|POGI-Cornell_WinterOatPeaIntercrop_2024_Ithaca-PLOT_204,Oat,oat,NA,75,75
124,124,66,4,Block3,NC18-5877N,monocrop,Hull-less,NC18-5877N_LEX25_Nuda_AT_Plot_1205,Oat,oat,NA,42,42
125,125,66,4,Block3,NC18-5877N,intercrop,Hull-less,NC18-5877N_LEX25_Nuda_AT_Plot_1205,Oat,oat-pea,BLAZE,42,42
126,126,67,4,Block3,NF12AS-108-4_1,intercrop,WOP_Mirza_selection,NF12AS-108-4_1-Cornell_WinterOatPeaIntercrop_2024_Ithaca-PLOT_161,Oat,oat-pea,BLAZE,63,63
127,127,67,4,Block3,NF12AS-108-4_1,monocrop,WOP_Mirza_selection,NF12AS-108-4_1-Cornell_WinterOatPeaIntercrop_2024_Ithaca-PLOT_161,Oat,oat,NA,63,63
128,128,68,4,Block3,Gerard 227,intercrop,WOP_Mirza_selection,Gerard 227-Cornell_WinterOatPeaIntercrop_2024_Ithaca-PLOT_250,Oat,oat-pea,BLAZE,13,13
129,129,68,4,Block3,Gerard 227,monocrop,WOP_Mirza_selection,Gerard 227-Cornell_WinterOatPeaIntercrop_2024_Ithaca-PLOT_250,Oat,oat,NA,13,13
130,130,69,4,Block3,FL17539-25,intercrop,UWON,FL17539-25_2026_UWON_Entry_11,Oat,oat-pea,BLAZE,5,5
131,131,69,4,Block3,FL17539-25,monocrop,UWON,FL17539-25_2026_UWON_Entry_11,Oat,oat,NA,5,5
132,132,70,4,Block3,PA7617-3460,monocrop,WOP_Mirza_selection,PA7617-3460-Cornell_WinterOatPeaIntercrop_2024_Ithaca-PLOT_212,Oat,oat,NA,76,76
133,133,70,4,Block3,PA7617-3460,intercrop,WOP_Mirza_selection,PA7617-3460-Cornell_WinterOatPeaIntercrop_2024_Ithaca-PLOT_212,Oat,oat-pea,BLAZE,76,76
134,134,71,4,Block3,LA18155SSB-20-2,monocrop,UWON,LA18155SSB-20-2_2026_UWON_Entry_19,Oat,oat,NA,23,23
135,135,71,4,Block3,LA18155SSB-20-2,intercrop,UWON,LA18155SSB-20-2_2026_UWON_Entry_19,Oat,oat-pea,BLAZE,23,23
136,136,72,4,Block3,NF12AS-107-4_4,intercrop,WOP_Mirza_selection,NF12AS-107-4_4-Cornell_WinterOatPeaIntercrop_2024_Ithaca-PLOT_359,Oat,oat-pea,BLAZE,62,62
137,137,72,4,Block3,NF12AS-107-4_4,monocrop,WOP_Mirza_selection,NF12AS-107-4_4-Cornell_WinterOatPeaIntercrop_2024_Ithaca-PLOT_359,Oat,oat,NA,62,62
138,138,73,4,Block3,NF99414,monocrop,WOP_Mirza_selection,NF99414-Cornell_WinterOatPeaIntercrop_2024_Ithaca-PLOT_378,Oat,oat,NA,72,72
139,139,73,4,Block3,NF99414,intercrop,WOP_Mirza_selection,NF99414-Cornell_WinterOatPeaIntercrop_2024_Ithaca-PLOT_378,Oat,oat-pea,BLAZE,72,72
140,140,74,4,Block3,TX20CAS1071,intercrop,UWON,TX20CAS1071_2026_UWON_Entry_10,Oat,oat-pea,BLAZE,91,91
141,141,74,4,Block3,TX20CAS1071,monocrop,UWON,TX20CAS1071_2026_UWON_Entry_10,Oat,oat,NA,91,91
142,142,75,8,Block3,NO_OAT_PLANTED,monocrop,Monocrop_pea,BLAZE-Cornell_WinterOatPeaIntercrop_2024_Ithaca-bulk,Pea,pea,BLAZE,NA,NA
143,143,76,4,Block3,FLLA17088-61,monocrop,WOP_Mirza_selection,FLLA17088-61-Cornell_WinterOatPeaIntercrop_2024_Ithaca-PLOT_339,Oat,oat,NA,10,10
144,144,76,4,Block3,FLLA17088-61,intercrop,WOP_Mirza_selection,FLLA17088-61-Cornell_WinterOatPeaIntercrop_2024_Ithaca-PLOT_339,Oat,oat-pea,BLAZE,10,10
145,145,77,4,Block3,NC21-6429,intercrop,WOP_Mirza_selection,NC21-6429-Cornell_WinterOatPeaIntercrop_2024_Ithaca-PLOT_16,Oat,oat-pea,BLAZE,52,52
146,146,77,4,Block3,NC21-6429,monocrop,WOP_Mirza_selection,NC21-6429-Cornell_WinterOatPeaIntercrop_2024_Ithaca-PLOT_16,Oat,oat,NA,52,52
147,147,78,4,Block3,NC21-6492,intercrop,WOP_Mirza_selection,NC21-6492-Cornell_WinterOatPeaIntercrop_2024_Ithaca-PLOT_128,Oat,oat-pea,BLAZE,54,54
148,148,78,4,Block3,NC21-6492,monocrop,WOP_Mirza_selection,NC21-6492-Cornell_WinterOatPeaIntercrop_2024_Ithaca-PLOT_128,Oat,oat,NA,54,54
149,149,79,4,Block3,TX19CAS0057,monocrop,UWON,TX19CAS0057_2026_UWON_Entry_06,Oat,oat,NA,90,90
150,150,79,4,Block3,TX19CAS0057,intercrop,UWON,TX19CAS0057_2026_UWON_Entry_06,Oat,oat-pea,BLAZE,90,90
151,151,80,4,Block3,NF99414-1,intercrop,WOP_Mirza_selection,NF99414-1-Cornell_WinterOatPeaIntercrop_2024_Ithaca-PLOT_174,Oat,oat-pea,BLAZE,71,71
152,152,80,4,Block3,NF99414-1,monocrop,WOP_Mirza_selection,NF99414-1-Cornell_WinterOatPeaIntercrop_2024_Ithaca-PLOT_174,Oat,oat,NA,71,71
153,153,81,4,Block3,SCLA17080SBS-4-2,intercrop,WOP_Mirza_selection,SCLA17080SBS-4-2-Cornell_WinterOatPeaIntercrop_2024_Ithaca-PLOT_316,Oat,oat-pea,BLAZE,80,80
154,154,81,4,Block3,SCLA17080SBS-4-2,monocrop,WOP_Mirza_selection,SCLA17080SBS-4-2-Cornell_WinterOatPeaIntercrop_2024_Ithaca-PLOT_316,Oat,oat,NA,80,80
155,155,82,4,Block4,NC21-6492,monocrop,Keystone_Pea_Test,NC21-6492-Cornell_WinterOatPeaIntercrop_2024_Ithaca-PLOT_128,Oat,oat,NA,54,54
156,156,82,4,Block4,NC21-6492,intercrop,Keystone_Pea_Test,NC21-6492-Cornell_WinterOatPeaIntercrop_2024_Ithaca-PLOT_128,Oat,oat-pea,KEYSTONE,54,54
157,157,83,4,Block4,NC17-6440,intercrop,WOP_Mirza_selection,NC17-6440-Cornell_WinterOatPeaIntercrop_2024_Ithaca-PLOT_306,Oat,oat-pea,BLAZE,41,41
158,158,83,4,Block4,NC17-6440,monocrop,WOP_Mirza_selection,NC17-6440-Cornell_WinterOatPeaIntercrop_2024_Ithaca-PLOT_306,Oat,oat,NA,41,41
159,159,84,1,Block4,NF12AS-73-4_3,intercrop,Biomass,NF12AS-73-4_3-Cornell_WinterOatPeaIntercrop_2024_Ithaca-PLOT_242,Oat,oat-pea,BLAZE,64,64
160,160,85,4,Block4,NC21-6475,intercrop,WOP_Mirza_selection,NC21-6475-Cornell_WinterOatPeaIntercrop_2024_Ithaca-PLOT_77,Oat,oat-pea,BLAZE,53,53
161,161,85,4,Block4,NC21-6475,monocrop,WOP_Mirza_selection,NC21-6475-Cornell_WinterOatPeaIntercrop_2024_Ithaca-PLOT_77,Oat,oat,NA,53,53
162,162,86,4,Block4,SCLA17030SBSS-57-1,intercrop,UWON,SCLA17030SBSS-57-1_2026_UWON_Entry_23,Oat,oat-pea,BLAZE,79,79
163,163,86,4,Block4,SCLA17030SBSS-57-1,monocrop,UWON,SCLA17030SBSS-57-1_2026_UWON_Entry_23,Oat,oat,NA,79,79
164,164,87,4,Block4,NF13-4157-4_2,intercrop,WOP_Mirza_selection,NF13-4157-4_2-Cornell_WinterOatPeaIntercrop_2024_Ithaca-PLOT_81,Oat,oat-pea,BLAZE,67,67
165,165,87,4,Block4,NF13-4157-4_2,monocrop,WOP_Mirza_selection,NF13-4157-4_2-Cornell_WinterOatPeaIntercrop_2024_Ithaca-PLOT_81,Oat,oat,NA,67,67
166,166,88,4,Block4,FL17556-1,intercrop,UWON,FL17556-1_2026_UWON_Entry_14,Oat,oat-pea,BLAZE,8,8
167,167,88,4,Block4,FL17556-1,monocrop,UWON,FL17556-1_2026_UWON_Entry_14,Oat,oat,NA,8,8
168,168,89,4,Block4,NF13-4173-4_5,monocrop,WOP_Mirza_selection,NF13-4173-4_5-Cornell_WinterOatPeaIntercrop_2024_Ithaca-PLOT_116,Oat,oat,NA,68,68
169,169,89,4,Block4,NF13-4173-4_5,intercrop,WOP_Mirza_selection,NF13-4173-4_5-Cornell_WinterOatPeaIntercrop_2024_Ithaca-PLOT_116,Oat,oat-pea,BLAZE,68,68
170,170,90,4,Block4,NC12-3578,monocrop,SOAP_selection,NC12-3578-CU_2025_Ithaca_SOAP_HR-bulk,Oat,oat,NA,32,32
171,171,90,4,Block4,NC12-3578,intercrop,SOAP_selection,NC12-3578-CU_2025_Ithaca_SOAP_HR-bulk,Oat,oat-pea,BLAZE,32,32
172,172,91,4,Block4,NC20-4700,monocrop,WOP_Mirza_selection,NC20-4700-Cornell_WinterOatPeaIntercrop_2024_Ithaca-PLOT_364,Oat,oat,NA,48,48
173,173,91,4,Block4,NC20-4700,intercrop,WOP_Mirza_selection,NC20-4700-Cornell_WinterOatPeaIntercrop_2024_Ithaca-PLOT_364,Oat,oat-pea,BLAZE,48,48
174,174,92,4,Block4,LA17153SBSS-46-1,intercrop,WOP_Mirza_selection,LA17153SBSS-46-1-Cornell_WinterOatPeaIntercrop_2024_Ithaca-PLOT_118,Oat,oat-pea,BLAZE,21,21
175,175,92,4,Block4,LA17153SBSS-46-1,monocrop,WOP_Mirza_selection,LA17153SBSS-46-1-Cornell_WinterOatPeaIntercrop_2024_Ithaca-PLOT_118,Oat,oat,NA,21,21
176,176,93,4,Block4,FLLA11019-8,monocrop,UWON,FLLA11019-8_2026_UWON_Entry_04,Oat,oat,NA,9,9
177,177,93,4,Block4,FLLA11019-8,intercrop,UWON,FLLA11019-8_2026_UWON_Entry_04,Oat,oat-pea,BLAZE,9,9
178,178,94,4,Block4,TX18OCS9028,monocrop,UWON,TX18OCS9028_2026_UWON_Entry_08,Oat,oat,NA,86,86
179,179,94,4,Block4,TX18OCS9028,intercrop,UWON,TX18OCS9028_2026_UWON_Entry_08,Oat,oat-pea,BLAZE,86,86
180,180,95,4,Block4,NC21-6359N,monocrop,Hull-less,NC21-6359N_LEX25_Nuda_AT_Plot_1203,Oat,oat,NA,51,51
181,181,95,4,Block4,NC21-6359N,intercrop,Hull-less,NC21-6359N_LEX25_Nuda_AT_Plot_1203,Oat,oat-pea,BLAZE,51,51
182,182,96,2,Block4,PA8014-840,intercrop,WOF_selection,PA8014-840-CU_2025_Ithaca_WOF_HR_bulk,Oat,oat-pea,BLAZE,78,78
183,183,96,2,Block4,PA8014-840,monocrop,WOF_selection,PA8014-840-CU_2025_Ithaca_WOF_HR_bulk,Oat,oat,NA,78,78
184,184,97,4,Block4,GERARD224,monocrop,WOP_Mirza_selection,GERARD224-Cornell_WinterOatPeaIntercrop_2024_Ithaca-PLOT_218,Oat,oat,NA,12,12
185,185,97,4,Block4,GERARD224,intercrop,WOP_Mirza_selection,GERARD224-Cornell_WinterOatPeaIntercrop_2024_Ithaca-PLOT_218,Oat,oat-pea,BLAZE,12,12
186,186,98,4,Block4,SCLA18073SSB-36-1,intercrop,UWON,SCLA18073SSB-36-1_2026_UWON_Entry_26,Oat,oat-pea,BLAZE,83,83
187,187,98,4,Block4,SCLA18073SSB-36-1,monocrop,UWON,SCLA18073SSB-36-1_2026_UWON_Entry_26,Oat,oat,NA,83,83
188,188,99,4,Block4,TX18OCS9125,monocrop,WOP_Mirza_selection,TX18OCS9125-Cornell_WinterOatPeaIntercrop_2024_Ithaca-PLOT_10,Oat,oat,NA,89,89
189,189,99,4,Block4,TX18OCS9125,intercrop,WOP_Mirza_selection,TX18OCS9125-Cornell_WinterOatPeaIntercrop_2024_Ithaca-PLOT_10,Oat,oat-pea,BLAZE,89,89
190,190,100,4,Block4,PA7617-3658,intercrop,Biomass,PA7617-3658-Cornell_WinterOatPeaIntercrop_2024_Ithaca-PLOT_54,Oat,oat-pea,BLAZE,77,77
191,191,101,4,Block4,NC21-6429,monocrop,WOP_Mirza_selection,NC21-6429-Cornell_WinterOatPeaIntercrop_2024_Ithaca-PLOT_16,Oat,oat,NA,52,52
192,192,101,4,Block4,NC21-6429,intercrop,WOP_Mirza_selection,NC21-6429-Cornell_WinterOatPeaIntercrop_2024_Ithaca-PLOT_16,Oat,oat-pea,BLAZE,52,52
193,193,102,4,Block4,NORA,intercrop,WOP_Mirza_selection,NORA-Cornell_WinterOatPeaIntercrop_2024_Ithaca-PLOT_133,Oat,oat-pea,BLAZE,73,73
194,194,102,4,Block4,NORA,monocrop,WOP_Mirza_selection,NORA-Cornell_WinterOatPeaIntercrop_2024_Ithaca-PLOT_133,Oat,oat,NA,73,73
195,195,103,8,Block4,NO_OAT_PLANTED,monocrop,Monocrop_pea,BLAZE-Cornell_WinterOatPeaIntercrop_2024_Ithaca-bulk,Pea,pea,BLAZE,NA,NA
196,196,104,4,Block4,OZARK|POGI,intercrop,Biomass,OZARK|POGI-Cornell_WinterOatPeaIntercrop_2024_Ithaca-PLOT_204,Oat,oat-pea,BLAZE,75,75
197,197,105,4,Block4,NC14-1989,monocrop,SOAP_selection,NC14-1989-CU_2025_Ithaca_SOAP_HR-bulk,Oat,oat,NA,40,40
198,198,105,4,Block4,NC14-1989,intercrop,SOAP_selection,NC14-1989-CU_2025_Ithaca_SOAP_HR-bulk,Oat,oat-pea,BLAZE,40,40
199,199,106,4,Block4,LA18155SSB-20-2,monocrop,UWON,LA18155SSB-20-2_2026_UWON_Entry_19,Oat,oat,NA,23,23
200,200,106,4,Block4,LA18155SSB-20-2,intercrop,UWON,LA18155SSB-20-2_2026_UWON_Entry_19,Oat,oat-pea,BLAZE,23,23
201,201,107,4,Block4,NC20-4402,monocrop,WOP_Mirza_selection,NC20-4402-Cornell_WinterOatPeaIntercrop_2024_Ithaca-PLOT_142,Oat,oat,NA,44,44
202,202,107,4,Block4,NC20-4402,intercrop,WOP_Mirza_selection,NC20-4402-Cornell_WinterOatPeaIntercrop_2024_Ithaca-PLOT_142,Oat,oat-pea,BLAZE,44,44
203,203,108,4,Block4,LA17129SBSS-8-1,intercrop,WOP_Mirza_selection,LA17129SBSS-8-1-Cornell_WinterOatPeaIntercrop_2024_Ithaca-PLOT_165,Oat,oat-pea,BLAZE,20,20
204,204,108,4,Block4,LA17129SBSS-8-1,monocrop,WOP_Mirza_selection,LA17129SBSS-8-1-Cornell_WinterOatPeaIntercrop_2024_Ithaca-PLOT_165,Oat,oat,NA,20,20
205,205,109,4,Block5,OZARK|POGI,intercrop,Biomass,OZARK|POGI-Cornell_WinterOatPeaIntercrop_2024_Ithaca-PLOT_204,Oat,oat-pea,BLAZE,75,75
206,206,110,4,Block5,SCLA17080SBS-4-2,monocrop,WOP_Mirza_selection,SCLA17080SBS-4-2-Cornell_WinterOatPeaIntercrop_2024_Ithaca-PLOT_316,Oat,oat,NA,80,80
207,207,110,4,Block5,SCLA17080SBS-4-2,intercrop,WOP_Mirza_selection,SCLA17080SBS-4-2-Cornell_WinterOatPeaIntercrop_2024_Ithaca-PLOT_316,Oat,oat-pea,BLAZE,80,80
208,208,111,4,Block5,NC21-6492,intercrop,Biomass,NC21-6492-Cornell_WinterOatPeaIntercrop_2024_Ithaca-PLOT_128,Oat,oat-pea,BLAZE,54,54
209,209,112,4,Block5,AURORA,intercrop,WOP_Mirza_selection,AURORA-Cornell_WinterOatPeaIntercrop_2024_Ithaca-PLOT_24,Oat,oat-pea,BLAZE,1,1
210,210,112,4,Block5,AURORA,monocrop,WOP_Mirza_selection,AURORA-Cornell_WinterOatPeaIntercrop_2024_Ithaca-PLOT_24,Oat,oat,NA,1,1
211,211,113,4,Block5,NC21-6357N,intercrop,Hull-less,NC21-6357N_LEX25_Nuda_AT_Plot_1202,Oat,oat-pea,BLAZE,50,50
212,212,113,4,Block5,NC21-6357N,monocrop,Hull-less,NC21-6357N_LEX25_Nuda_AT_Plot_1202,Oat,oat,NA,50,50
213,213,114,4,Block5,TX21CAS2064,intercrop,UWON,TX21CAS2064_2026_UWON_Entry_09,Oat,oat-pea,BLAZE,92,92
214,214,114,4,Block5,TX21CAS2064,monocrop,UWON,TX21CAS2064_2026_UWON_Entry_09,Oat,oat,NA,92,92
215,215,115,4,Block5,NC21-6475,intercrop,WOP_Mirza_selection,NC21-6475-Cornell_WinterOatPeaIntercrop_2024_Ithaca-PLOT_77,Oat,oat-pea,BLAZE,53,53
216,216,115,4,Block5,NC21-6475,monocrop,WOP_Mirza_selection,NC21-6475-Cornell_WinterOatPeaIntercrop_2024_Ithaca-PLOT_77,Oat,oat,NA,53,53
217,217,116,4,Block5,NF12AS-73-4_3,monocrop,WOP_Mirza_selection,NF12AS-73-4_3-Cornell_WinterOatPeaIntercrop_2024_Ithaca-PLOT_242,Oat,oat,NA,64,64
218,218,116,4,Block5,NF12AS-73-4_3,intercrop,WOP_Mirza_selection,NF12AS-73-4_3-Cornell_WinterOatPeaIntercrop_2024_Ithaca-PLOT_242,Oat,oat-pea,BLAZE,64,64
219,219,117,4,Block5,OZARK|POGI,intercrop,Biomass,OZARK|POGI-Cornell_WinterOatPeaIntercrop_2024_Ithaca-PLOT_204,Oat,oat-pea,BLAZE,75,75
220,220,118,4,Block5,NO_OAT_PLANTED,monocrop,Biomass,BLAZE-Cornell_WinterOatPeaIntercrop_2024_Ithaca-bulk,Pea,pea,BLAZE,NA,NA
221,221,119,4,Block5,FL17539-27,intercrop,UWON,FL17539-27_2026_UWON_Entry_12,Oat,oat-pea,BLAZE,6,6
222,222,119,4,Block5,FL17539-27,monocrop,UWON,FL17539-27_2026_UWON_Entry_12,Oat,oat,NA,6,6
223,223,120,2,Block5,M-311,intercrop,WOF_selection,M-311-CU_2025_Ithaca_WOF_HR_bulk,Oat,oat-pea,BLAZE,29,29
224,224,120,2,Block5,M-311,monocrop,WOF_selection,M-311-CU_2025_Ithaca_WOF_HR_bulk,Oat,oat,NA,29,29
225,225,121,8,Block5,NO_OAT_PLANTED,monocrop,Monocrop_pea,BLAZE-Cornell_WinterOatPeaIntercrop_2024_Ithaca-bulk,Pea,pea,BLAZE,NA,NA
226,226,122,4,Block5,TX18OCS9125,monocrop,WOP_Mirza_selection,TX18OCS9125-Cornell_WinterOatPeaIntercrop_2024_Ithaca-PLOT_10,Oat,oat,NA,89,89
227,227,122,4,Block5,TX18OCS9125,intercrop,WOP_Mirza_selection,TX18OCS9125-Cornell_WinterOatPeaIntercrop_2024_Ithaca-PLOT_10,Oat,oat-pea,BLAZE,89,89
228,228,123,4,Block5,SCLA18110SSB-44-2,monocrop,UWON,SCLA18110SSB-44-2_2026_UWON_Entry_27,Oat,oat,NA,84,84
229,229,123,4,Block5,SCLA18110SSB-44-2,intercrop,UWON,SCLA18110SSB-44-2_2026_UWON_Entry_27,Oat,oat-pea,BLAZE,84,84
230,230,124,4,Block5,Gerard 227,intercrop,WOP_Mirza_selection,Gerard 227-Cornell_WinterOatPeaIntercrop_2024_Ithaca-PLOT_250,Oat,oat-pea,BLAZE,13,13
231,231,124,4,Block5,Gerard 227,monocrop,WOP_Mirza_selection,Gerard 227-Cornell_WinterOatPeaIntercrop_2024_Ithaca-PLOT_250,Oat,oat,NA,13,13
232,232,125,4,Block5,NC20-4402,intercrop,WOP_Mirza_selection,NC20-4402-Cornell_WinterOatPeaIntercrop_2024_Ithaca-PLOT_142,Oat,oat-pea,BLAZE,44,44
233,233,125,4,Block5,NC20-4402,monocrop,WOP_Mirza_selection,NC20-4402-Cornell_WinterOatPeaIntercrop_2024_Ithaca-PLOT_142,Oat,oat,NA,44,44
234,234,126,4,Block5,NC21-6492,monocrop,Keystone_Pea_Test,NC21-6492-Cornell_WinterOatPeaIntercrop_2024_Ithaca-PLOT_128,Oat,oat,NA,54,54
235,235,126,4,Block5,NC21-6492,intercrop,Keystone_Pea_Test,NC21-6492-Cornell_WinterOatPeaIntercrop_2024_Ithaca-PLOT_128,Oat,oat-pea,KEYSTONE,54,54
236,236,127,4,Block5,NF12AS-73-4_3,monocrop,WOP_Mirza_selection,NF12AS-73-4_3-Cornell_WinterOatPeaIntercrop_2024_Ithaca-PLOT_242,Oat,oat,NA,64,64
237,237,127,4,Block5,NF12AS-73-4_3,intercrop,WOP_Mirza_selection,NF12AS-73-4_3-Cornell_WinterOatPeaIntercrop_2024_Ithaca-PLOT_242,Oat,oat-pea,BLAZE,64,64
238,238,128,4,Block5,NC21-6497,intercrop,WOP_Mirza_selection,NC21-6497-Cornell_WinterOatPeaIntercrop_2024_Ithaca-PLOT_65,Oat,oat-pea,BLAZE,55,55
239,239,128,4,Block5,NC21-6497,monocrop,WOP_Mirza_selection,NC21-6497-Cornell_WinterOatPeaIntercrop_2024_Ithaca-PLOT_65,Oat,oat,NA,55,55
240,240,129,4,Block5,NC21-6511,monocrop,WOP_Mirza_selection,NC21-6511-Cornell_WinterOatPeaIntercrop_2024_Ithaca-PLOT_367,Oat,oat,NA,56,56
241,241,129,4,Block5,NC21-6511,intercrop,WOP_Mirza_selection,NC21-6511-Cornell_WinterOatPeaIntercrop_2024_Ithaca-PLOT_367,Oat,oat-pea,BLAZE,56,56
242,242,130,4,Block5,NF13-4214-4_5,intercrop,WOP_Mirza_selection,NF13-4214-4_5-Cornell_WinterOatPeaIntercrop_2024_Ithaca-PLOT_169,Oat,oat-pea,BLAZE,70,70
243,243,130,4,Block5,NF13-4214-4_5,monocrop,WOP_Mirza_selection,NF13-4214-4_5-Cornell_WinterOatPeaIntercrop_2024_Ithaca-PLOT_169,Oat,oat,NA,70,70
244,244,131,4,Block5,TX20CAS1071,monocrop,UWON,TX20CAS1071_2026_UWON_Entry_10,Oat,oat,NA,91,91
245,245,131,4,Block5,TX20CAS1071,intercrop,UWON,TX20CAS1071_2026_UWON_Entry_10,Oat,oat-pea,BLAZE,91,91
246,246,132,4,Block5,NF13-4083-4_6,intercrop,WOP_Mirza_selection,NF13-4083-4_6-Cornell_WinterOatPeaIntercrop_2024_Ithaca-PLOT_83,Oat,oat-pea,BLAZE,65,65
247,247,132,4,Block5,NF13-4083-4_6,monocrop,WOP_Mirza_selection,NF13-4083-4_6-Cornell_WinterOatPeaIntercrop_2024_Ithaca-PLOT_83,Oat,oat,NA,65,65
248,248,133,4,Block5,NC20-4526,intercrop,WOP_Mirza_selection,NC20-4526-Cornell_WinterOatPeaIntercrop_2024_Ithaca-PLOT_32,Oat,oat-pea,BLAZE,46,46
249,249,133,4,Block5,NC20-4526,monocrop,WOP_Mirza_selection,NC20-4526-Cornell_WinterOatPeaIntercrop_2024_Ithaca-PLOT_32,Oat,oat,NA,46,46
250,250,134,4,Block5,LA20050SBSB-1-1,monocrop,UWON,LA20050SBSB-1-1_2026_UWON_Entry_20,Oat,oat,NA,24,24
251,251,134,4,Block5,LA20050SBSB-1-1,intercrop,UWON,LA20050SBSB-1-1_2026_UWON_Entry_20,Oat,oat-pea,BLAZE,24,24
252,252,135,4,Block5,LA20053SBSB-27-1,intercrop,UWON,LA20053SBSB-27-1_2026_UWON_Entry_22,Oat,oat-pea,BLAZE,25,25
253,253,135,4,Block5,LA20053SBSB-27-1,monocrop,UWON,LA20053SBSB-27-1_2026_UWON_Entry_22,Oat,oat,NA,25,25
254,254,136,4,Block6,TX18OCS9061,monocrop,UWON,TX18OCS9061_2026_UWON_Entry_07,Oat,oat,NA,87,87
255,255,136,4,Block6,TX18OCS9061,intercrop,UWON,TX18OCS9061_2026_UWON_Entry_07,Oat,oat-pea,BLAZE,87,87
256,256,137,4,Block6,FLLA17088-61,intercrop,WOP_Mirza_selection,FLLA17088-61-Cornell_WinterOatPeaIntercrop_2024_Ithaca-PLOT_339,Oat,oat-pea,BLAZE,10,10
257,257,137,4,Block6,FLLA17088-61,monocrop,WOP_Mirza_selection,FLLA17088-61-Cornell_WinterOatPeaIntercrop_2024_Ithaca-PLOT_339,Oat,oat,NA,10,10
258,258,138,4,Block6,NC09-4503N,intercrop,Hull-less,NC09-4503N_LEX25_Nuda_AT_Plot_1201,Oat,oat-pea,BLAZE,31,31
259,259,138,4,Block6,NC09-4503N,monocrop,Hull-less,NC09-4503N_LEX25_Nuda_AT_Plot_1201,Oat,oat,NA,31,31
260,260,139,4,Block6,SCLA18073SSB-36-1,monocrop,UWON,SCLA18073SSB-36-1_2026_UWON_Entry_26,Oat,oat,NA,83,83
261,261,139,4,Block6,SCLA18073SSB-36-1,intercrop,UWON,SCLA18073SSB-36-1_2026_UWON_Entry_26,Oat,oat-pea,BLAZE,83,83
262,262,140,4,Block6,NF13-4083-4_6,monocrop,WOP_Mirza_selection,NF13-4083-4_6-Cornell_WinterOatPeaIntercrop_2024_Ithaca-PLOT_83,Oat,oat,NA,65,65
263,263,140,4,Block6,NF13-4083-4_6,intercrop,WOP_Mirza_selection,NF13-4083-4_6-Cornell_WinterOatPeaIntercrop_2024_Ithaca-PLOT_83,Oat,oat-pea,BLAZE,65,65
264,264,141,4,Block6,NF13-4126-4_3,monocrop,WOP_Mirza_selection,NF13-4126-4_3-Cornell_WinterOatPeaIntercrop_2024_Ithaca-PLOT_145,Oat,oat,NA,66,66
265,265,141,4,Block6,NF13-4126-4_3,intercrop,WOP_Mirza_selection,NF13-4126-4_3-Cornell_WinterOatPeaIntercrop_2024_Ithaca-PLOT_145,Oat,oat-pea,BLAZE,66,66
266,266,142,4,Block6,NO_OAT_PLANTED,monocrop,Biomass,BLAZE-Cornell_WinterOatPeaIntercrop_2024_Ithaca-bulk,Pea,pea,BLAZE,NA,NA
267,267,143,4,Block6,NC14-1965,monocrop,SOAP_selection,NC14-1965-CU_2025_Ithaca_SOAP_HR-bulk,Oat,oat,NA,38,38
268,268,143,4,Block6,NC14-1965,intercrop,SOAP_selection,NC14-1965-CU_2025_Ithaca_SOAP_HR-bulk,Oat,oat-pea,BLAZE,38,38
269,269,144,4,Block6,LA17069SBSS-2-1,intercrop,WOP_Mirza_selection,LA17069SBSS-2-1-Cornell_WinterOatPeaIntercrop_2024_Ithaca-PLOT_244,Oat,oat-pea,BLAZE,19,19
270,270,144,4,Block6,LA17069SBSS-2-1,monocrop,WOP_Mirza_selection,LA17069SBSS-2-1-Cornell_WinterOatPeaIntercrop_2024_Ithaca-PLOT_244,Oat,oat,NA,19,19
271,271,145,4,Block6,HORIZON201,intercrop,WOP_Mirza_selection,HORIZON201-Cornell_WinterOatPeaIntercrop_2024_Ithaca-PLOT_199,Oat,oat-pea,BLAZE,15,15
272,272,145,4,Block6,HORIZON201,monocrop,WOP_Mirza_selection,HORIZON201-Cornell_WinterOatPeaIntercrop_2024_Ithaca-PLOT_199,Oat,oat,NA,15,15
273,273,146,4,Block6,NF01404A,monocrop,WOP_Mirza_selection,NF01404A-Cornell_WinterOatPeaIntercrop_2024_Ithaca-PLOT_160,Oat,oat,NA,59,59
274,274,146,4,Block6,NF01404A,intercrop,WOP_Mirza_selection,NF01404A-Cornell_WinterOatPeaIntercrop_2024_Ithaca-PLOT_160,Oat,oat-pea,BLAZE,59,59
275,275,147,4,Block6,NC20-4702,intercrop,WOP_Mirza_selection,NC20-4702-Cornell_WinterOatPeaIntercrop_2024_Ithaca-PLOT_192,Oat,oat-pea,BLAZE,49,49
276,276,147,4,Block6,NC20-4702,monocrop,WOP_Mirza_selection,NC20-4702-Cornell_WinterOatPeaIntercrop_2024_Ithaca-PLOT_192,Oat,oat,NA,49,49
277,277,148,4,Block6,NC20-4551,intercrop,WOP_Mirza_selection,NC20-4551-Cornell_WinterOatPeaIntercrop_2024_Ithaca-PLOT_50,Oat,oat-pea,BLAZE,47,47
278,278,148,4,Block6,NC20-4551,monocrop,WOP_Mirza_selection,NC20-4551-Cornell_WinterOatPeaIntercrop_2024_Ithaca-PLOT_50,Oat,oat,NA,47,47
279,279,149,4,Block6,NC21-6610,monocrop,WOP_Mirza_selection,NC21-6610-Cornell_WinterOatPeaIntercrop_2024_Ithaca-PLOT_99,Oat,oat,NA,58,58
280,280,149,4,Block6,NC21-6610,intercrop,WOP_Mirza_selection,NC21-6610-Cornell_WinterOatPeaIntercrop_2024_Ithaca-PLOT_99,Oat,oat-pea,BLAZE,58,58
281,281,150,4,Block6,NC21-6492,intercrop,Biomass,NC21-6492-Cornell_WinterOatPeaIntercrop_2024_Ithaca-PLOT_128,Oat,oat-pea,BLAZE,54,54
282,282,151,4,Block6,NC14-1820,intercrop,SOAP_selection,NC14-1820-CU_2025_Ithaca_SOAP_HR-bulk,Oat,oat-pea,BLAZE,37,37
283,283,151,4,Block6,NC14-1820,monocrop,SOAP_selection,NC14-1820-CU_2025_Ithaca_SOAP_HR-bulk,Oat,oat,NA,37,37
284,284,152,4,Block6,PA7617-3658,intercrop,Biomass,PA7617-3658-Cornell_WinterOatPeaIntercrop_2024_Ithaca-PLOT_54,Oat,oat-pea,BLAZE,77,77
285,285,153,4,Block6,NORA,monocrop,WOP_Mirza_selection,NORA-Cornell_WinterOatPeaIntercrop_2024_Ithaca-PLOT_133,Oat,oat,NA,73,73
286,286,153,4,Block6,NORA,intercrop,WOP_Mirza_selection,NORA-Cornell_WinterOatPeaIntercrop_2024_Ithaca-PLOT_133,Oat,oat-pea,BLAZE,73,73
287,287,154,4,Block6,NF12AS-100-4_2,intercrop,WOP_Mirza_selection,NF12AS-100-4_2-Cornell_WinterOatPeaIntercrop_2024_Ithaca-PLOT_228,Oat,oat-pea,BLAZE,60,60
288,288,154,4,Block6,NF12AS-100-4_2,monocrop,WOP_Mirza_selection,NF12AS-100-4_2-Cornell_WinterOatPeaIntercrop_2024_Ithaca-PLOT_228,Oat,oat,NA,60,60
289,289,155,4,Block6,FL17539-25,intercrop,UWON,FL17539-25_2026_UWON_Entry_11,Oat,oat-pea,BLAZE,5,5
290,290,155,4,Block6,FL17539-25,monocrop,UWON,FL17539-25_2026_UWON_Entry_11,Oat,oat,NA,5,5
291,291,156,4,Block6,LA20050SBSB-1-1,intercrop,UWON,LA20050SBSB-1-1_2026_UWON_Entry_20,Oat,oat-pea,BLAZE,24,24
292,292,156,4,Block6,LA20050SBSB-1-1,monocrop,UWON,LA20050SBSB-1-1_2026_UWON_Entry_20,Oat,oat,NA,24,24
293,293,157,4,Block6,GERARD224,monocrop,WOP_Mirza_selection,GERARD224-Cornell_WinterOatPeaIntercrop_2024_Ithaca-PLOT_218,Oat,oat,NA,12,12
294,294,157,4,Block6,GERARD224,intercrop,WOP_Mirza_selection,GERARD224-Cornell_WinterOatPeaIntercrop_2024_Ithaca-PLOT_218,Oat,oat-pea,BLAZE,12,12
295,295,158,4,Block6,SCLA18059SSB-33-2,monocrop,UWON,SCLA18059SSB-33-2_2026_UWON_Entry_25,Oat,oat,NA,82,82
296,296,158,4,Block6,SCLA18059SSB-33-2,intercrop,UWON,SCLA18059SSB-33-2_2026_UWON_Entry_25,Oat,oat-pea,BLAZE,82,82
297,297,159,8,Block6,NO_OAT_PLANTED,monocrop,Monocrop_pea,BLAZE-Cornell_WinterOatPeaIntercrop_2024_Ithaca-bulk,Pea,pea,BLAZE,NA,NA
298,298,160,4,Block6,NF12AS-73-4_3,intercrop,Biomass,NF12AS-73-4_3-Cornell_WinterOatPeaIntercrop_2024_Ithaca-PLOT_242,Oat,oat-pea,BLAZE,64,64
299,299,161,4,Block6,OZARK|POGI,intercrop,WOP_Mirza_selection,OZARK|POGI-Cornell_WinterOatPeaIntercrop_2024_Ithaca-PLOT_204,Oat,oat-pea,BLAZE,75,75
300,300,161,4,Block6,OZARK|POGI,monocrop,WOP_Mirza_selection,OZARK|POGI-Cornell_WinterOatPeaIntercrop_2024_Ithaca-PLOT_204,Oat,oat,NA,75,75
301,301,162,2,Block6,LA99017,intercrop,SOAP_selection,LA99017-CU_2025_Ithaca_SOAP_HR-bulk,Oat,oat-pea,BLAZE,28,28
302,302,162,2,Block6,LA99017,monocrop,SOAP_selection,LA99017-CU_2025_Ithaca_SOAP_HR-bulk,Oat,oat,NA,28,28
303,303,163,4,Block7,OKAY,intercrop,WOP_Mirza_selection,OKAY-Cornell_WinterOatPeaIntercrop_2024_Ithaca-PLOT_14,Oat,oat-pea,BLAZE,74,74
304,304,163,4,Block7,OKAY,monocrop,WOP_Mirza_selection,OKAY-Cornell_WinterOatPeaIntercrop_2024_Ithaca-PLOT_14,Oat,oat,NA,74,74
305,305,164,4,Block7,OZARK|POGI,intercrop,Biomass,OZARK|POGI-Cornell_WinterOatPeaIntercrop_2024_Ithaca-PLOT_204,Oat,oat-pea,BLAZE,75,75
306,306,165,4,Block7,HARRISON,monocrop,WOP_Mirza_selection,HARRISON-Cornell_WinterOatPeaIntercrop_2024_Ithaca-PLOT_56,Oat,oat,NA,14,14
307,307,165,4,Block7,HARRISON,intercrop,WOP_Mirza_selection,HARRISON-Cornell_WinterOatPeaIntercrop_2024_Ithaca-PLOT_56,Oat,oat-pea,BLAZE,14,14
308,308,166,4,Block7,NC14-1554,intercrop,SOAP_selection,NC14-1554-CU_2025_Ithaca_SOAP_HR-bulk,Oat,oat-pea,BLAZE,35,35
309,309,166,4,Block7,NC14-1554,monocrop,SOAP_selection,NC14-1554-CU_2025_Ithaca_SOAP_HR-bulk,Oat,oat,NA,35,35
310,310,167,4,Block7,NC18-5877N,monocrop,Hull-less,NC18-5877N_LEX25_Nuda_AT_Plot_1205,Oat,oat,NA,42,42
311,311,167,4,Block7,NC18-5877N,intercrop,Hull-less,NC18-5877N_LEX25_Nuda_AT_Plot_1205,Oat,oat-pea,BLAZE,42,42
312,312,168,4,Block7,NC21-6511,monocrop,WOP_Mirza_selection,NC21-6511-Cornell_WinterOatPeaIntercrop_2024_Ithaca-PLOT_367,Oat,oat,NA,56,56
313,313,168,4,Block7,NC21-6511,intercrop,WOP_Mirza_selection,NC21-6511-Cornell_WinterOatPeaIntercrop_2024_Ithaca-PLOT_367,Oat,oat-pea,BLAZE,56,56
314,314,169,4,Block7,NC20-4551,monocrop,WOP_Mirza_selection,NC20-4551-Cornell_WinterOatPeaIntercrop_2024_Ithaca-PLOT_50,Oat,oat,NA,47,47
315,315,169,4,Block7,NC20-4551,intercrop,WOP_Mirza_selection,NC20-4551-Cornell_WinterOatPeaIntercrop_2024_Ithaca-PLOT_50,Oat,oat-pea,BLAZE,47,47
316,316,170,4,Block7,Horizon 578,intercrop,UWON,Horizon578_2026_UWON_Entry_05,Oat,oat-pea,BLAZE,16,16
317,317,170,4,Block7,Horizon 578,monocrop,UWON,Horizon578_2026_UWON_Entry_05,Oat,oat,NA,16,16
318,318,171,4,Block7,TX18OCS9104,intercrop,WOP_Mirza_selection,TX18OCS9104-Cornell_WinterOatPeaIntercrop_2024_Ithaca-PLOT_37,Oat,oat-pea,BLAZE,88,88
319,319,171,4,Block7,TX18OCS9104,monocrop,WOP_Mirza_selection,TX18OCS9104-Cornell_WinterOatPeaIntercrop_2024_Ithaca-PLOT_37,Oat,oat,NA,88,88
320,320,172,4,Block7,FL16531-59,intercrop,UWON,FL16531-59_2026_UWON_Entry_17,Oat,oat-pea,BLAZE,4,4
321,321,172,4,Block7,FL16531-59,monocrop,UWON,FL16531-59_2026_UWON_Entry_17,Oat,oat,NA,4,4
322,322,173,8,Block7,NO_OAT_PLANTED,monocrop,Monocrop_pea,BLAZE-Cornell_WinterOatPeaIntercrop_2024_Ithaca-bulk,Pea,pea,BLAZE,NA,NA
323,323,174,1,Block7,PA7617-3658,intercrop,Biomass,PA7617-3658-Cornell_WinterOatPeaIntercrop_2024_Ithaca-PLOT_54,Oat,oat-pea,BLAZE,77,77
324,324,175,4,Block7,NF12AS-73-4_3,intercrop,Biomass,NF12AS-73-4_3-Cornell_WinterOatPeaIntercrop_2024_Ithaca-PLOT_242,Oat,oat-pea,BLAZE,64,64
325,325,176,4,Block7,SCLA18059SSB-33-2,intercrop,UWON,SCLA18059SSB-33-2_2026_UWON_Entry_25,Oat,oat-pea,BLAZE,82,82
326,326,176,4,Block7,SCLA18059SSB-33-2,monocrop,UWON,SCLA18059SSB-33-2_2026_UWON_Entry_25,Oat,oat,NA,82,82
327,327,177,4,Block7,AURORA,monocrop,WOP_Mirza_selection,AURORA-Cornell_WinterOatPeaIntercrop_2024_Ithaca-PLOT_24,Oat,oat,NA,1,1
328,328,177,4,Block7,AURORA,intercrop,WOP_Mirza_selection,AURORA-Cornell_WinterOatPeaIntercrop_2024_Ithaca-PLOT_24,Oat,oat-pea,BLAZE,1,1
329,329,178,4,Block7,TX18OCS9028,monocrop,UWON,TX18OCS9028_2026_UWON_Entry_08,Oat,oat,NA,86,86
330,330,178,4,Block7,TX18OCS9028,intercrop,UWON,TX18OCS9028_2026_UWON_Entry_08,Oat,oat-pea,BLAZE,86,86
331,331,179,4,Block7,NC09-4503N,monocrop,Hull-less,NC09-4503N_LEX25_Nuda_AT_Plot_1201,Oat,oat,NA,31,31
332,332,179,4,Block7,NC09-4503N,intercrop,Hull-less,NC09-4503N_LEX25_Nuda_AT_Plot_1201,Oat,oat-pea,BLAZE,31,31
333,333,180,2,Block7,WINTOK,monocrop,WOF_selection,WINTOK-CU_2025_Ithaca_WOF_HR_bulk,Oat,oat,NA,93,93
334,334,180,2,Block7,WINTOK,intercrop,WOF_selection,WINTOK-CU_2025_Ithaca_WOF_HR_bulk,Oat,oat-pea,BLAZE,93,93
335,335,181,4,Block7,NC14-1989,monocrop,SOAP_selection,NC14-1989-CU_2025_Ithaca_SOAP_HR-bulk,Oat,oat,NA,40,40
336,336,181,4,Block7,NC14-1989,intercrop,SOAP_selection,NC14-1989-CU_2025_Ithaca_SOAP_HR-bulk,Oat,oat-pea,BLAZE,40,40
337,337,182,4,Block7,NC21-6576,monocrop,WOP_Mirza_selection,NC21-6576-Cornell_WinterOatPeaIntercrop_2024_Ithaca-PLOT_85,Oat,oat,NA,57,57
338,338,182,4,Block7,NC21-6576,intercrop,WOP_Mirza_selection,NC21-6576-Cornell_WinterOatPeaIntercrop_2024_Ithaca-PLOT_85,Oat,oat-pea,BLAZE,57,57
339,339,183,4,Block7,LA18034SSB-7-1,intercrop,UWON,LA18034SSB-7-1_2026_UWON_Entry_18,Oat,oat-pea,BLAZE,22,22
340,340,183,4,Block7,LA18034SSB-7-1,monocrop,UWON,LA18034SSB-7-1_2026_UWON_Entry_18,Oat,oat,NA,22,22
341,341,184,4,Block7,FLLA11019-8,intercrop,UWON,FLLA11019-8_2026_UWON_Entry_04,Oat,oat-pea,BLAZE,9,9
342,342,184,4,Block7,FLLA11019-8,monocrop,UWON,FLLA11019-8_2026_UWON_Entry_04,Oat,oat,NA,9,9
343,343,185,1,Block7,NC21-6492,intercrop,Biomass,NC21-6492-Cornell_WinterOatPeaIntercrop_2024_Ithaca-PLOT_128,Oat,oat-pea,BLAZE,54,54
344,344,186,4,Block7,NO_OAT_PLANTED,monocrop,Biomass,BLAZE-Cornell_WinterOatPeaIntercrop_2024_Ithaca-bulk,Pea,pea,BLAZE,NA,NA
345,345,187,4,Block7,SCLA17110SBSS-16-1,intercrop,UWON,SCLA17110SBSS-16-1_2026_UWON_Entry_24,Oat,oat-pea,BLAZE,81,81
346,346,187,4,Block7,SCLA17110SBSS-16-1,monocrop,UWON,SCLA17110SBSS-16-1_2026_UWON_Entry_24,Oat,oat,NA,81,81
347,347,188,4,Block7,FLLA17088-77,monocrop,WOP_Mirza_selection,FLLA17088-77-Cornell_WinterOatPeaIntercrop_2024_Ithaca-PLOT_48,Oat,oat,NA,11,11
348,348,188,4,Block7,FLLA17088-77,intercrop,WOP_Mirza_selection,FLLA17088-77-Cornell_WinterOatPeaIntercrop_2024_Ithaca-PLOT_48,Oat,oat-pea,BLAZE,11,11
349,349,189,4,Block7,Savage,intercrop,UWON,Savage_2026_UWON_Entry_03,Oat,oat-pea,BLAZE,85,85
350,350,189,4,Block7,Savage,monocrop,UWON,Savage_2026_UWON_Entry_03,Oat,oat,NA,85,85
351,351,190,4,Block8,NF01404A,monocrop,WOP_Mirza_selection,NF01404A-Cornell_WinterOatPeaIntercrop_2024_Ithaca-PLOT_160,Oat,oat,NA,59,59
352,352,190,4,Block8,NF01404A,intercrop,WOP_Mirza_selection,NF01404A-Cornell_WinterOatPeaIntercrop_2024_Ithaca-PLOT_160,Oat,oat-pea,BLAZE,59,59
353,353,191,2,Block8,NC14-1619,intercrop,SOAP_selection,NC14-1619-CU_2025_Ithaca_SOAP_HR-bulk,Oat,oat-pea,BLAZE,36,36
354,354,191,2,Block8,NC14-1619,monocrop,SOAP_selection,NC14-1619-CU_2025_Ithaca_SOAP_HR-bulk,Oat,oat,NA,36,36
355,355,192,4,Block8,Juggernaut,monocrop,UWON,Juggernaut_2026_UWON_Entry_02,Oat,oat,NA,17,17
356,356,192,4,Block8,Juggernaut,intercrop,UWON,Juggernaut_2026_UWON_Entry_02,Oat,oat-pea,BLAZE,17,17
357,357,193,4,Block8,LA99016,intercrop,UWON,LA99016_2026_UWON_Entry_01,Oat,oat-pea,BLAZE,27,27
358,358,193,4,Block8,LA99016,monocrop,UWON,LA99016_2026_UWON_Entry_01,Oat,oat,NA,27,27
359,359,194,4,Block8,NC09-4274N,monocrop,Hull-less,NC09-4274N_LEX25-Nuda-AT_Plot_1204,Oat,oat,NA,30,30
360,360,194,4,Block8,NC09-4274N,intercrop,Hull-less,NC09-4274N_LEX25-Nuda-AT_Plot_1204,Oat,oat-pea,BLAZE,30,30
361,361,195,4,Block8,SCLA17030SBSS-57-1,monocrop,UWON,SCLA17030SBSS-57-1_2026_UWON_Entry_23,Oat,oat,NA,79,79
362,362,195,4,Block8,SCLA17030SBSS-57-1,intercrop,UWON,SCLA17030SBSS-57-1_2026_UWON_Entry_23,Oat,oat-pea,BLAZE,79,79
363,363,196,4,Block8,PA7617-3460,intercrop,WOP_Mirza_selection,PA7617-3460-Cornell_WinterOatPeaIntercrop_2024_Ithaca-PLOT_212,Oat,oat-pea,BLAZE,76,76
364,364,196,4,Block8,PA7617-3460,monocrop,WOP_Mirza_selection,PA7617-3460-Cornell_WinterOatPeaIntercrop_2024_Ithaca-PLOT_212,Oat,oat,NA,76,76
365,365,197,4,Block8,NF12AS-107-4_2-1,monocrop,WOP_Mirza_selection,NF12AS-107-4_2-1-Cornell_WinterOatPeaIntercrop_2024_Ithaca-PLOT_258,Oat,oat,NA,61,61
366,366,197,4,Block8,NF12AS-107-4_2-1,intercrop,WOP_Mirza_selection,NF12AS-107-4_2-1-Cornell_WinterOatPeaIntercrop_2024_Ithaca-PLOT_258,Oat,oat-pea,BLAZE,61,61
367,367,198,4,Block8,LA17069SBSS-2-1,intercrop,WOP_Mirza_selection,LA17069SBSS-2-1-Cornell_WinterOatPeaIntercrop_2024_Ithaca-PLOT_244,Oat,oat-pea,BLAZE,19,19
368,368,198,4,Block8,LA17069SBSS-2-1,monocrop,WOP_Mirza_selection,LA17069SBSS-2-1-Cornell_WinterOatPeaIntercrop_2024_Ithaca-PLOT_244,Oat,oat,NA,19,19
369,369,199,1,Block8,OZARK|POGI,intercrop,Biomass,OZARK|POGI-Cornell_WinterOatPeaIntercrop_2024_Ithaca-PLOT_204,Oat,oat-pea,BLAZE,75,75
370,370,200,4,Block8,NC21-6576,intercrop,WOP_Mirza_selection,NC21-6576-Cornell_WinterOatPeaIntercrop_2024_Ithaca-PLOT_85,Oat,oat-pea,BLAZE,57,57
371,371,200,4,Block8,NC21-6576,monocrop,WOP_Mirza_selection,NC21-6576-Cornell_WinterOatPeaIntercrop_2024_Ithaca-PLOT_85,Oat,oat,NA,57,57
372,372,201,4,Block8,SCLA18110SSB-44-2,monocrop,UWON,SCLA18110SSB-44-2_2026_UWON_Entry_27,Oat,oat,NA,84,84
373,373,201,4,Block8,SCLA18110SSB-44-2,intercrop,UWON,SCLA18110SSB-44-2_2026_UWON_Entry_27,Oat,oat-pea,BLAZE,84,84
374,374,202,8,Block8,NO_OAT_PLANTED,monocrop,Monocrop_pea,BLAZE-Cornell_WinterOatPeaIntercrop_2024_Ithaca-bulk,Pea,pea,BLAZE,NA,NA
375,375,203,4,Block8,NC17-6440,monocrop,WOP_Mirza_selection,NC17-6440-Cornell_WinterOatPeaIntercrop_2024_Ithaca-PLOT_306,Oat,oat,NA,41,41
376,376,203,4,Block8,NC17-6440,intercrop,WOP_Mirza_selection,NC17-6440-Cornell_WinterOatPeaIntercrop_2024_Ithaca-PLOT_306,Oat,oat-pea,BLAZE,41,41
377,377,204,4,Block8,SCLA17110SBSS-16-1,monocrop,UWON,SCLA17110SBSS-16-1_2026_UWON_Entry_24,Oat,oat,NA,81,81
378,378,204,4,Block8,SCLA17110SBSS-16-1,intercrop,UWON,SCLA17110SBSS-16-1_2026_UWON_Entry_24,Oat,oat-pea,BLAZE,81,81
379,379,205,4,Block8,NC20-4452,intercrop,WOP_Mirza_selection,NC20-4452-Cornell_WinterOatPeaIntercrop_2024_Ithaca-PLOT_98,Oat,oat-pea,BLAZE,45,45
380,380,205,4,Block8,NC20-4452,monocrop,WOP_Mirza_selection,NC20-4452-Cornell_WinterOatPeaIntercrop_2024_Ithaca-PLOT_98,Oat,oat,NA,45,45
381,381,206,4,Block8,NC21-6492,intercrop,Biomass,NC21-6492-Cornell_WinterOatPeaIntercrop_2024_Ithaca-PLOT_128,Oat,oat-pea,BLAZE,54,54
382,382,207,4,Block8,NC20-4526,monocrop,WOP_Mirza_selection,NC20-4526-Cornell_WinterOatPeaIntercrop_2024_Ithaca-PLOT_32,Oat,oat,NA,46,46
383,383,207,4,Block8,NC20-4526,intercrop,WOP_Mirza_selection,NC20-4526-Cornell_WinterOatPeaIntercrop_2024_Ithaca-PLOT_32,Oat,oat-pea,BLAZE,46,46
384,384,208,4,Block8,LA20053SBSB-27-2,monocrop,UWON,LA20053SBSB-27-2_2026_UWON_Entry_21,Oat,oat,NA,26,26
385,385,208,4,Block8,LA20053SBSB-27-2,intercrop,UWON,LA20053SBSB-27-2_2026_UWON_Entry_21,Oat,oat-pea,BLAZE,26,26
386,386,209,4,Block8,NF99414,monocrop,WOP_Mirza_selection,NF99414-Cornell_WinterOatPeaIntercrop_2024_Ithaca-PLOT_378,Oat,oat,NA,72,72
387,387,209,4,Block8,NF99414,intercrop,WOP_Mirza_selection,NF99414-Cornell_WinterOatPeaIntercrop_2024_Ithaca-PLOT_378,Oat,oat-pea,BLAZE,72,72
388,388,210,4,Block8,NF12AS-73-4_3,intercrop,Biomass,NF12AS-73-4_3-Cornell_WinterOatPeaIntercrop_2024_Ithaca-PLOT_242,Oat,oat-pea,BLAZE,64,64
389,389,211,4,Block8,LA18034SSB-7-1,monocrop,UWON,LA18034SSB-7-1_2026_UWON_Entry_18,Oat,oat,NA,22,22
390,390,211,4,Block8,LA18034SSB-7-1,intercrop,UWON,LA18034SSB-7-1_2026_UWON_Entry_18,Oat,oat-pea,BLAZE,22,22
391,391,212,4,Block8,NC20-4700,monocrop,WOP_Mirza_selection,NC20-4700-Cornell_WinterOatPeaIntercrop_2024_Ithaca-PLOT_364,Oat,oat,NA,48,48
392,392,212,4,Block8,NC20-4700,intercrop,WOP_Mirza_selection,NC20-4700-Cornell_WinterOatPeaIntercrop_2024_Ithaca-PLOT_364,Oat,oat-pea,BLAZE,48,48
393,393,213,4,Block8,NF13-4214-4_1,monocrop,WOP_Mirza_selection,NF13-4214-4_1-Cornell_WinterOatPeaIntercrop_2024_Ithaca-PLOT_156,Oat,oat,NA,69,69
394,394,213,4,Block8,NF13-4214-4_1,intercrop,WOP_Mirza_selection,NF13-4214-4_1-Cornell_WinterOatPeaIntercrop_2024_Ithaca-PLOT_156,Oat,oat-pea,BLAZE,69,69
395,395,214,4,Block8,NF12AS-100-4_2,intercrop,WOP_Mirza_selection,NF12AS-100-4_2-Cornell_WinterOatPeaIntercrop_2024_Ithaca-PLOT_228,Oat,oat-pea,BLAZE,60,60
396,396,214,4,Block8,NF12AS-100-4_2,monocrop,WOP_Mirza_selection,NF12AS-100-4_2-Cornell_WinterOatPeaIntercrop_2024_Ithaca-PLOT_228,Oat,oat,NA,60,60
397,397,215,4,Block8,PA7617-3658,monocrop,WOP_Mirza_selection,PA7617-3658-Cornell_WinterOatPeaIntercrop_2024_Ithaca-PLOT_54,Oat,oat,NA,77,77
398,398,215,4,Block8,PA7617-3658,intercrop,WOP_Mirza_selection,PA7617-3658-Cornell_WinterOatPeaIntercrop_2024_Ithaca-PLOT_54,Oat,oat-pea,BLAZE,77,77
399,399,216,4,Block8,LA20053SBSB-27-1,intercrop,UWON,LA20053SBSB-27-1_2026_UWON_Entry_22,Oat,oat-pea,BLAZE,25,25
400,400,216,4,Block8,LA20053SBSB-27-1,monocrop,UWON,LA20053SBSB-27-1_2026_UWON_Entry_22,Oat,oat,NA,25,25
